old_id,new_id
M2023_001,M2023_001
M2023_002,M2023_002
M2023_003,M2023_003
M2023_004,M2023_004
M2023_005,M2023_005
M2023_006,M2023_006
M2023_007,M2023_007
M2023_008,M2023_008
M2023_009,M2023_009
M2023_010,M2023_010
M2023_011,M2023_011
M2023_012,M2023_012
M2023_013,M2023_013
M2023_014,M2023_014
M2023_015,M2023_015
M2023_016,M2023_016
M2023_017,M2023_017
M2023_018,M2023_018
M2023_019,M2023_019
M2023_020,M2023_020
M2023_021,M2023_021
M2023_022,M2023_022
M2023_023,M2023_023
M2023_024,M2023_024
M2023_025,M2023_025
M2023_026,M2023_026
M2023_027,M2023_027
M2023_028,M2023_028
M2023_029,M2023_029
M2023_030,M2023_030
M2024_001,M2024_001
M2024_002,M2024_002
M2024_003,M2024_003
M2024_004,M2024_004
M2024_005,M2024_005
M2024_006,M2024_006
M2024_007,M2024_007
M2024_008,M2024_008
M2024_009,M2024_009
M2024_010,M2024_010
M2024_011,M2024_011
M2024_012,M2024_012
M2024_013,M2024_013
M2024_014,M2024_014
M2024_015,M2024_015
M2024_016,M2024_016
M2024_017,M2024_017
M2024_018,M2024_018
M2024_019,M2024_019
M2024_020,M2024_020
M2024_021,M2024_021
M2024_022,M2024_022
M2024_023,M2024_023
M2024_024,M2024_024
M2024_025,M2024_025
M2024_026,M2024_026
M2024_027,M2024_027
M2024_028,M2024_028
M2024_029,M2024_029
M2024_030,M2024_030
